,Weekend - Level 2 - Diversified (75th percentile) of 100 EVs
0,1.2512
1,1.1776
2,1.1776
3,1.1776
4,1.1776
5,1.1776
6,1.1776
7,1.1776
8,1.1776
9,1.1776
10,1.1776
11,1.1776
12,1.1776
13,1.1776
14,1.104
15,1.104
16,1.104
17,1.104
18,1.104
19,1.104
20,1.104
21,1.104
22,1.104
23,1.104
24,1.104
25,1.104
26,1.0488
27,1.0488
28,1.0304
29,1.0304
30,1.0304
31,1.0304
32,1.0304
33,1.0304
34,1.0304
35,1.0304
36,1.0304
37,1.0304
38,0.9752000000000001
39,0.9752000000000001
40,0.9568000000000001
41,0.9568000000000001
42,0.9568000000000001
43,0.9568000000000001
44,0.9568000000000001
45,0.9568000000000001
46,0.9568000000000001
47,0.9568000000000001
48,0.9568000000000001
49,0.9568000000000001
50,0.9568000000000001
51,0.9568000000000001
52,0.9568000000000001
53,0.9568000000000001
54,0.9568000000000001
55,0.9568000000000001
56,0.9568000000000001
57,0.9568000000000001
58,0.9568000000000001
59,0.9568000000000001
60,0.9568000000000001
61,0.9568000000000001
62,0.9568000000000001
63,0.9568000000000001
64,0.9016000000000002
65,0.9016000000000002
66,0.8832000000000001
67,0.8832000000000001
68,0.8832000000000001
69,0.8832000000000001
70,0.8832000000000001
71,0.8832000000000001
72,0.8832000000000001
73,0.8832000000000001
74,0.8096000000000001
75,0.8096000000000001
76,0.8096000000000001
77,0.8096000000000001
78,0.8096000000000001
79,0.8096000000000001
80,0.8096000000000001
81,0.8096000000000001
82,0.8096000000000001
83,0.7544000000000001
84,0.7360000000000001
85,0.7360000000000001
86,0.7360000000000001
87,0.7360000000000001
88,0.7360000000000001
89,0.7360000000000001
90,0.7360000000000001
91,0.7360000000000001
92,0.7360000000000001
93,0.7360000000000001
94,0.7360000000000001
95,0.7360000000000001
96,0.7360000000000001
97,0.7360000000000001
98,0.7360000000000001
99,0.7360000000000001
100,0.7360000000000001
101,0.6624000000000001
102,0.7360000000000001
103,0.7360000000000001
104,0.7360000000000001
105,0.7360000000000001
106,0.7360000000000001
107,0.7360000000000001
108,0.6624000000000001
109,0.6624000000000001
110,0.6624000000000001
111,0.6624000000000001
112,0.6624000000000001
113,0.6624000000000001
114,0.6624000000000001
115,0.6624000000000001
116,0.6624000000000001
117,0.6624000000000001
118,0.6624000000000001
119,0.6624000000000001
120,0.6624000000000001
121,0.6072
122,0.5888
123,0.5888
124,0.5888
125,0.5888
126,0.5888
127,0.5888
128,0.5888
129,0.5888
130,0.5888
131,0.5888
132,0.5888
133,0.5888
134,0.5888
135,0.5336
136,0.5336
137,0.5152
138,0.5152
139,0.5152
140,0.5152
141,0.5152
142,0.5152
143,0.5152
144,0.5152
145,0.5152
146,0.5152
147,0.44160000000000005
148,0.44160000000000005
149,0.44160000000000005
150,0.44160000000000005
151,0.44160000000000005
152,0.44160000000000005
153,0.44160000000000005
154,0.44160000000000005
155,0.44160000000000005
156,0.44160000000000005
157,0.44160000000000005
158,0.44160000000000005
159,0.44160000000000005
160,0.44160000000000005
161,0.44160000000000005
162,0.36800000000000005
163,0.36800000000000005
164,0.36800000000000005
165,0.36800000000000005
166,0.36800000000000005
167,0.36800000000000005
168,0.36800000000000005
169,0.36800000000000005
170,0.36800000000000005
171,0.36800000000000005
172,0.36800000000000005
173,0.36800000000000005
174,0.36800000000000005
175,0.36800000000000005
176,0.36800000000000005
177,0.36800000000000005
178,0.36800000000000005
179,0.36800000000000005
180,0.36800000000000005
181,0.36800000000000005
182,0.36800000000000005
183,0.36800000000000005
184,0.36800000000000005
185,0.36800000000000005
186,0.36800000000000005
187,0.36800000000000005
188,0.36800000000000005
189,0.36800000000000005
190,0.36800000000000005
191,0.36800000000000005
192,0.36800000000000005
193,0.36800000000000005
194,0.36800000000000005
195,0.36800000000000005
196,0.2944
197,0.2944
198,0.2944
199,0.2944
200,0.2944
201,0.2944
202,0.2944
203,0.2944
204,0.2944
205,0.2944
206,0.2944
207,0.2944
208,0.2944
209,0.2944
210,0.2944
211,0.2944
212,0.2944
213,0.2944
214,0.2944
215,0.2944
216,0.2944
217,0.2944
218,0.2944
219,0.2944
220,0.2944
221,0.2944
222,0.2944
223,0.2944
224,0.2944
225,0.2944
226,0.2944
227,0.2944
228,0.2944
229,0.2944
230,0.2944
231,0.2944
232,0.2944
233,0.2944
234,0.2944
235,0.2944
236,0.2944
237,0.2944
238,0.2944
239,0.2944
240,0.2944
241,0.23920000000000002
242,0.23920000000000002
243,0.23920000000000002
244,0.22080000000000002
245,0.22080000000000002
246,0.22080000000000002
247,0.22080000000000002
248,0.22080000000000002
249,0.22080000000000002
250,0.22080000000000002
251,0.22080000000000002
252,0.22080000000000002
253,0.22080000000000002
254,0.22080000000000002
255,0.22080000000000002
256,0.22080000000000002
257,0.22080000000000002
258,0.22080000000000002
259,0.22080000000000002
260,0.22080000000000002
261,0.22080000000000002
262,0.22080000000000002
263,0.22080000000000002
264,0.22080000000000002
265,0.22080000000000002
266,0.22080000000000002
267,0.22080000000000002
268,0.22080000000000002
269,0.22080000000000002
270,0.22080000000000002
271,0.22080000000000002
272,0.22080000000000002
273,0.22080000000000002
274,0.22080000000000002
275,0.22080000000000002
276,0.22080000000000002
277,0.22080000000000002
278,0.22080000000000002
279,0.22080000000000002
280,0.22080000000000002
281,0.22080000000000002
282,0.22080000000000002
283,0.22080000000000002
284,0.22080000000000002
285,0.22080000000000002
286,0.22080000000000002
287,0.22080000000000002
288,0.22080000000000002
289,0.22080000000000002
290,0.22080000000000002
291,0.22080000000000002
292,0.1472
293,0.1472
294,0.1472
295,0.1472
296,0.1472
297,0.1472
298,0.1472
299,0.1472
300,0.1472
301,0.1472
302,0.1472
303,0.1472
304,0.1472
305,0.1472
306,0.1472
307,0.1472
308,0.1472
309,0.1472
310,0.1472
311,0.1472
312,0.1472
313,0.1472
314,0.1472
315,0.1472
316,0.1472
317,0.1472
318,0.1472
319,0.1472
320,0.1472
321,0.1472
322,0.1472
323,0.1472
324,0.1472
325,0.1472
326,0.1472
327,0.1472
328,0.1472
329,0.1472
330,0.1472
331,0.1472
332,0.1472
333,0.1472
334,0.1472
335,0.1472
336,0.092
337,0.092
338,0.092
339,0.092
340,0.092
341,0.092
342,0.092
343,0.092
344,0.092
345,0.092
346,0.092
347,0.092
348,0.0736
349,0.0736
350,0.0736
351,0.0736
352,0.0736
353,0.0736
354,0.0736
355,0.0736
356,0.0736
357,0.0736
358,0.0736
359,0.0736
360,0.0736
361,0.0736
362,0.1472
363,0.0736
364,0.0736
365,0.0736
366,0.0736
367,0.0736
368,0.0736
369,0.0736
370,0.0736
371,0.0736
372,0.0736
373,0.0736
374,0.0736
375,0.0736
376,0.0736
377,0.0736
378,0.0736
379,0.0736
380,0.0736
381,0.0736
382,0.0736
383,0.0736
384,0.0736
385,0.0736
386,0.0736
387,0.0736
388,0.0736
389,0.0736
390,0.0736
391,0.0736
392,0.0736
393,0.0736
394,0.0736
395,0.0736
396,0.0736
397,0.0736
398,0.0736
399,0.0736
400,0.0736
401,0.0736
402,0.0736
403,0.0736
404,0.0736
405,0.0736
406,0.0736
407,0.0736
408,0.0736
409,0.0736
410,0.0736
411,0.0736
412,0.0736
413,0.0736
414,0.0736
415,0.0736
416,0.0736
417,0.0736
418,0.0736
419,0.0736
420,0.0736
421,0.0736
422,0.0736
423,0.0736
424,0.0736
425,0.0736
426,0.0736
427,0.0736
428,0.0736
429,0.0736
430,0.0736
431,0.0736
432,0.0736
433,0.092
434,0.0736
435,0.0736
436,0.0736
437,0.0736
438,0.0736
439,0.1472
440,0.1472
441,0.1472
442,0.1472
443,0.1472
444,0.1472
445,0.1472
446,0.1472
447,0.1472
448,0.1472
449,0.1472
450,0.1472
451,0.1472
452,0.1472
453,0.1472
454,0.1472
455,0.1472
456,0.1472
457,0.1472
458,0.1472
459,0.1472
460,0.1472
461,0.1472
462,0.1472
463,0.1472
464,0.1472
465,0.1472
466,0.1472
467,0.1472
468,0.1656
469,0.22080000000000002
470,0.22080000000000002
471,0.22080000000000002
472,0.22080000000000002
473,0.22080000000000002
474,0.22080000000000002
475,0.22080000000000002
476,0.22080000000000002
477,0.22080000000000002
478,0.22080000000000002
479,0.22080000000000002
480,0.22080000000000002
481,0.22080000000000002
482,0.22080000000000002
483,0.22080000000000002
484,0.22080000000000002
485,0.22080000000000002
486,0.22080000000000002
487,0.22080000000000002
488,0.22080000000000002
489,0.22080000000000002
490,0.22080000000000002
491,0.23920000000000002
492,0.22080000000000002
493,0.22080000000000002
494,0.22080000000000002
495,0.22080000000000002
496,0.22080000000000002
497,0.22080000000000002
498,0.22080000000000002
499,0.22080000000000002
500,0.22080000000000002
501,0.22080000000000002
502,0.22080000000000002
503,0.22080000000000002
504,0.22080000000000002
505,0.22080000000000002
506,0.22080000000000002
507,0.22080000000000002
508,0.2944
509,0.2944
510,0.2944
511,0.2944
512,0.2944
513,0.2944
514,0.2944
515,0.2944
516,0.2944
517,0.2944
518,0.2944
519,0.2944
520,0.2944
521,0.2944
522,0.2944
523,0.2944
524,0.2944
525,0.2944
526,0.2944
527,0.36800000000000005
528,0.36800000000000005
529,0.36800000000000005
530,0.36800000000000005
531,0.36800000000000005
532,0.36800000000000005
533,0.36800000000000005
534,0.36800000000000005
535,0.36800000000000005
536,0.36800000000000005
537,0.36800000000000005
538,0.36800000000000005
539,0.36800000000000005
540,0.36800000000000005
541,0.36800000000000005
542,0.36800000000000005
543,0.36800000000000005
544,0.36800000000000005
545,0.36800000000000005
546,0.36800000000000005
547,0.36800000000000005
548,0.36800000000000005
549,0.36800000000000005
550,0.36800000000000005
551,0.36800000000000005
552,0.36800000000000005
553,0.36800000000000005
554,0.36800000000000005
555,0.36800000000000005
556,0.36800000000000005
557,0.36800000000000005
558,0.36800000000000005
559,0.36800000000000005
560,0.44160000000000005
561,0.44160000000000005
562,0.44160000000000005
563,0.3864
564,0.44160000000000005
565,0.44160000000000005
566,0.44160000000000005
567,0.44160000000000005
568,0.4600000000000001
569,0.4600000000000001
570,0.4600000000000001
571,0.5152
572,0.5152
573,0.5152
574,0.5152
575,0.5152
576,0.5152
577,0.5152
578,0.5152
579,0.5152
580,0.5152
581,0.5152
582,0.5152
583,0.5152
584,0.5152
585,0.5152
586,0.5152
587,0.5152
588,0.5152
589,0.5152
590,0.5152
591,0.5152
592,0.5888
593,0.5888
594,0.5888
595,0.5888
596,0.5888
597,0.5888
598,0.5888
599,0.5888
600,0.5888
601,0.5888
602,0.5888
603,0.5888
604,0.5888
605,0.5888
606,0.5888
607,0.5888
608,0.5888
609,0.5888
610,0.5888
611,0.6072
612,0.6072
613,0.6624000000000001
614,0.6624000000000001
615,0.5888
616,0.6624000000000001
617,0.6624000000000001
618,0.6624000000000001
619,0.6624000000000001
620,0.6624000000000001
621,0.6624000000000001
622,0.6624000000000001
623,0.6624000000000001
624,0.6624000000000001
625,0.6624000000000001
626,0.6624000000000001
627,0.6624000000000001
628,0.6624000000000001
629,0.7360000000000001
630,0.6808000000000001
631,0.7360000000000001
632,0.7360000000000001
633,0.7360000000000001
634,0.7360000000000001
635,0.7360000000000001
636,0.7360000000000001
637,0.7360000000000001
638,0.7360000000000001
639,0.7360000000000001
640,0.8096000000000001
641,0.8096000000000001
642,0.8096000000000001
643,0.8096000000000001
644,0.8096000000000001
645,0.8096000000000001
646,0.8096000000000001
647,0.8096000000000001
648,0.8096000000000001
649,0.8096000000000001
650,0.8096000000000001
651,0.8096000000000001
652,0.8832000000000001
653,0.8096000000000001
654,0.8832000000000001
655,0.8096000000000001
656,0.8096000000000001
657,0.8096000000000001
658,0.8096000000000001
659,0.8096000000000001
660,0.8096000000000001
661,0.8096000000000001
662,0.8096000000000001
663,0.8096000000000001
664,0.8096000000000001
665,0.8096000000000001
666,0.8280000000000001
667,0.8832000000000001
668,0.8280000000000001
669,0.8832000000000001
670,0.8832000000000001
671,0.8280000000000001
672,0.8096000000000001
673,0.8832000000000001
674,0.8832000000000001
675,0.8832000000000001
676,0.8832000000000001
677,0.8832000000000001
678,0.8832000000000001
679,0.8832000000000001
680,0.8832000000000001
681,0.8832000000000001
682,0.9568000000000001
683,0.9568000000000001
684,0.9568000000000001
685,0.9568000000000001
686,0.9568000000000001
687,0.9568000000000001
688,0.9568000000000001
689,0.9568000000000001
690,0.9568000000000001
691,0.9568000000000001
692,0.9568000000000001
693,0.9568000000000001
694,0.9568000000000001
695,0.9568000000000001
696,0.9568000000000001
697,0.9568000000000001
698,0.9752000000000001
699,1.0304
700,1.0304
701,1.0304
702,1.0304
703,1.0304
704,1.0304
705,1.0304
706,1.0304
707,1.0488
708,1.0304
709,1.0488
710,1.104
711,1.104
712,1.104
713,1.104
714,1.104
715,1.104
716,1.104
717,1.104
718,1.104
719,1.104
720,1.104
721,1.104
722,1.104
723,1.104
724,1.104
725,1.104
726,1.104
727,1.104
728,1.1776
729,1.1776
730,1.1776
731,1.1776
732,1.104
733,1.1224
734,1.1776
735,1.1224
736,1.1224
737,1.1776
738,1.104
739,1.1776
740,1.1224
741,1.104
742,1.1776
743,1.1776
744,1.1776
745,1.1776
746,1.1776
747,1.1776
748,1.1776
749,1.1776
750,1.1776
751,1.1776
752,1.196
753,1.2512
754,1.2512
755,1.2512
756,1.2512
757,1.2512
758,1.2512
759,1.2512
760,1.2512
761,1.2512
762,1.2512
763,1.2512
764,1.2512
765,1.2512
766,1.2512
767,1.2512
768,1.2512
769,1.2512
770,1.2512
771,1.2512
772,1.2512
773,1.2512
774,1.196
775,1.196
776,1.2512
777,1.2512
778,1.2512
779,1.2512
780,1.2512
781,1.2512
782,1.2512
783,1.2512
784,1.2512
785,1.2512
786,1.3248000000000002
787,1.3248000000000002
788,1.3248000000000002
789,1.2512
790,1.3248000000000002
791,1.3248000000000002
792,1.3248000000000002
793,1.3248000000000002
794,1.3248000000000002
795,1.3248000000000002
796,1.3432000000000002
797,1.3432000000000002
798,1.3984000000000003
799,1.3984000000000003
800,1.3984000000000003
801,1.3984000000000003
802,1.3984000000000003
803,1.3984000000000003
804,1.3984000000000003
805,1.3984000000000003
806,1.3984000000000003
807,1.3248000000000002
808,1.3248000000000002
809,1.3248000000000002
810,1.3248000000000002
811,1.3984000000000003
812,1.3984000000000003
813,1.3984000000000003
814,1.3984000000000003
815,1.3432000000000002
816,1.3248000000000002
817,1.3248000000000002
818,1.3984000000000003
819,1.3984000000000003
820,1.3984000000000003
821,1.3984000000000003
822,1.3984000000000003
823,1.3984000000000003
824,1.3984000000000003
825,1.3248000000000002
826,1.3984000000000003
827,1.3984000000000003
828,1.3984000000000003
829,1.3984000000000003
830,1.3984000000000003
831,1.3984000000000003
832,1.3984000000000003
833,1.3984000000000003
834,1.3984000000000003
835,1.3984000000000003
836,1.3984000000000003
837,1.3984000000000003
838,1.3984000000000003
839,1.3984000000000003
840,1.3984000000000003
841,1.3984000000000003
842,1.3984000000000003
843,1.3984000000000003
844,1.3984000000000003
845,1.3984000000000003
846,1.3984000000000003
847,1.3984000000000003
848,1.3984000000000003
849,1.3984000000000003
850,1.3984000000000003
851,1.3984000000000003
852,1.3984000000000003
853,1.3984000000000003
854,1.3984000000000003
855,1.3984000000000003
856,1.3984000000000003
857,1.3984000000000003
858,1.3248000000000002
859,1.3248000000000002
860,1.3984000000000003
861,1.4720000000000004
862,1.4720000000000004
863,1.4720000000000004
864,1.3984000000000003
865,1.4168000000000003
866,1.3984000000000003
867,1.3984000000000003
868,1.4168000000000003
869,1.3984000000000003
870,1.3984000000000003
871,1.3984000000000003
872,1.3984000000000003
873,1.3984000000000003
874,1.3984000000000003
875,1.3984000000000003
876,1.3984000000000003
877,1.3984000000000003
878,1.3984000000000003
879,1.3984000000000003
880,1.3984000000000003
881,1.3984000000000003
882,1.3984000000000003
883,1.3984000000000003
884,1.3984000000000003
885,1.3984000000000003
886,1.3984000000000003
887,1.3984000000000003
888,1.3984000000000003
889,1.3984000000000003
890,1.3984000000000003
891,1.3984000000000003
892,1.4168000000000003
893,1.3984000000000003
894,1.4720000000000004
895,1.4720000000000004
896,1.4720000000000004
897,1.4168000000000003
898,1.4168000000000003
899,1.4720000000000004
900,1.4720000000000004
901,1.4720000000000004
902,1.4904000000000004
903,1.4904000000000004
904,1.4720000000000004
905,1.4720000000000004
906,1.4720000000000004
907,1.4720000000000004
908,1.4720000000000004
909,1.4720000000000004
910,1.5456000000000005
911,1.5456000000000005
912,1.5456000000000005
913,1.5456000000000005
914,1.4720000000000004
915,1.4720000000000004
916,1.5456000000000005
917,1.5456000000000005
918,1.4904000000000004
919,1.4904000000000004
920,1.5456000000000005
921,1.5456000000000005
922,1.5456000000000005
923,1.5456000000000005
924,1.5456000000000005
925,1.5456000000000005
926,1.5456000000000005
927,1.5456000000000005
928,1.5456000000000005
929,1.5456000000000005
930,1.5456000000000005
931,1.5456000000000005
932,1.5456000000000005
933,1.5456000000000005
934,1.5456000000000005
935,1.5456000000000005
936,1.5456000000000005
937,1.5456000000000005
938,1.5456000000000005
939,1.5456000000000005
940,1.5456000000000005
941,1.5640000000000005
942,1.5640000000000005
943,1.6192000000000006
944,1.5640000000000005
945,1.6192000000000006
946,1.6192000000000006
947,1.6376000000000006
948,1.6376000000000006
949,1.6376000000000006
950,1.692800000000001
951,1.6376000000000006
952,1.6376000000000006
953,1.692800000000001
954,1.6192000000000006
955,1.6192000000000006
956,1.6192000000000006
957,1.6376000000000006
958,1.6376000000000006
959,1.692800000000001
960,1.692800000000001
961,1.692800000000001
962,1.692800000000001
963,1.692800000000001
964,1.711200000000001
965,1.711200000000001
966,1.766400000000001
967,1.766400000000001
968,1.766400000000001
969,1.766400000000001
970,1.766400000000001
971,1.766400000000001
972,1.766400000000001
973,1.766400000000001
974,1.711200000000001
975,1.766400000000001
976,1.766400000000001
977,1.766400000000001
978,1.766400000000001
979,1.766400000000001
980,1.766400000000001
981,1.766400000000001
982,1.766400000000001
983,1.766400000000001
984,1.766400000000001
985,1.8400000000000012
986,1.766400000000001
987,1.766400000000001
988,1.8400000000000012
989,1.8400000000000012
990,1.8400000000000012
991,1.8400000000000012
992,1.8400000000000012
993,1.8400000000000012
994,1.8400000000000012
995,1.8400000000000012
996,1.8400000000000012
997,1.8400000000000012
998,1.8400000000000012
999,1.8400000000000012
1000,1.8400000000000012
1001,1.8400000000000012
1002,1.8400000000000012
1003,1.8584000000000012
1004,1.9136000000000013
1005,1.9136000000000013
1006,1.9136000000000013
1007,1.9136000000000013
1008,1.8400000000000012
1009,1.8400000000000012
1010,1.8400000000000012
1011,1.8400000000000012
1012,1.8400000000000012
1013,1.8400000000000012
1014,1.8400000000000012
1015,1.8400000000000012
1016,1.8400000000000012
1017,1.8400000000000012
1018,1.8400000000000012
1019,1.8400000000000012
1020,1.766400000000001
1021,1.784800000000001
1022,1.8400000000000012
1023,1.8400000000000012
1024,1.8400000000000012
1025,1.8400000000000012
1026,1.8400000000000012
1027,1.8400000000000012
1028,1.8400000000000012
1029,1.8400000000000012
1030,1.8400000000000012
1031,1.8400000000000012
1032,1.8400000000000012
1033,1.8400000000000012
1034,1.8400000000000012
1035,1.8400000000000012
1036,1.9136000000000013
1037,1.8400000000000012
1038,1.8400000000000012
1039,1.8400000000000012
1040,1.784800000000001
1041,1.8400000000000012
1042,1.784800000000001
1043,1.8400000000000012
1044,1.8400000000000012
1045,1.766400000000001
1046,1.766400000000001
1047,1.784800000000001
1048,1.8400000000000012
1049,1.8400000000000012
1050,1.8400000000000012
1051,1.8400000000000012
1052,1.766400000000001
1053,1.784800000000001
1054,1.784800000000001
1055,1.766400000000001
1056,1.766400000000001
1057,1.766400000000001
1058,1.766400000000001
1059,1.766400000000001
1060,1.766400000000001
1061,1.766400000000001
1062,1.766400000000001
1063,1.766400000000001
1064,1.766400000000001
1065,1.766400000000001
1066,1.766400000000001
1067,1.692800000000001
1068,1.692800000000001
1069,1.692800000000001
1070,1.692800000000001
1071,1.692800000000001
1072,1.692800000000001
1073,1.692800000000001
1074,1.692800000000001
1075,1.692800000000001
1076,1.692800000000001
1077,1.692800000000001
1078,1.692800000000001
1079,1.692800000000001
1080,1.692800000000001
1081,1.692800000000001
1082,1.692800000000001
1083,1.692800000000001
1084,1.692800000000001
1085,1.692800000000001
1086,1.692800000000001
1087,1.692800000000001
1088,1.6376000000000006
1089,1.692800000000001
1090,1.692800000000001
1091,1.692800000000001
1092,1.692800000000001
1093,1.6376000000000006
1094,1.692800000000001
1095,1.692800000000001
1096,1.692800000000001
1097,1.692800000000001
1098,1.692800000000001
1099,1.692800000000001
1100,1.692800000000001
1101,1.692800000000001
1102,1.692800000000001
1103,1.692800000000001
1104,1.692800000000001
1105,1.692800000000001
1106,1.692800000000001
1107,1.692800000000001
1108,1.692800000000001
1109,1.692800000000001
1110,1.692800000000001
1111,1.692800000000001
1112,1.766400000000001
1113,1.692800000000001
1114,1.692800000000001
1115,1.692800000000001
1116,1.692800000000001
1117,1.692800000000001
1118,1.692800000000001
1119,1.692800000000001
1120,1.692800000000001
1121,1.692800000000001
1122,1.692800000000001
1123,1.692800000000001
1124,1.692800000000001
1125,1.692800000000001
1126,1.692800000000001
1127,1.6376000000000006
1128,1.692800000000001
1129,1.692800000000001
1130,1.692800000000001
1131,1.692800000000001
1132,1.692800000000001
1133,1.692800000000001
1134,1.692800000000001
1135,1.692800000000001
1136,1.692800000000001
1137,1.692800000000001
1138,1.692800000000001
1139,1.692800000000001
1140,1.692800000000001
1141,1.692800000000001
1142,1.766400000000001
1143,1.766400000000001
1144,1.711200000000001
1145,1.711200000000001
1146,1.711200000000001
1147,1.711200000000001
1148,1.692800000000001
1149,1.692800000000001
1150,1.711200000000001
1151,1.766400000000001
1152,1.766400000000001
1153,1.766400000000001
1154,1.766400000000001
1155,1.766400000000001
1156,1.766400000000001
1157,1.766400000000001
1158,1.766400000000001
1159,1.766400000000001
1160,1.766400000000001
1161,1.784800000000001
1162,1.766400000000001
1163,1.766400000000001
1164,1.766400000000001
1165,1.766400000000001
1166,1.766400000000001
1167,1.766400000000001
1168,1.766400000000001
1169,1.766400000000001
1170,1.766400000000001
1171,1.711200000000001
1172,1.711200000000001
1173,1.766400000000001
1174,1.766400000000001
1175,1.711200000000001
1176,1.766400000000001
1177,1.692800000000001
1178,1.766400000000001
1179,1.766400000000001
1180,1.766400000000001
1181,1.766400000000001
1182,1.766400000000001
1183,1.784800000000001
1184,1.766400000000001
1185,1.766400000000001
1186,1.766400000000001
1187,1.766400000000001
1188,1.766400000000001
1189,1.766400000000001
1190,1.692800000000001
1191,1.692800000000001
1192,1.692800000000001
1193,1.692800000000001
1194,1.692800000000001
1195,1.692800000000001
1196,1.692800000000001
1197,1.711200000000001
1198,1.692800000000001
1199,1.692800000000001
1200,1.692800000000001
1201,1.692800000000001
1202,1.711200000000001
1203,1.692800000000001
1204,1.766400000000001
1205,1.766400000000001
1206,1.766400000000001
1207,1.692800000000001
1208,1.766400000000001
1209,1.692800000000001
1210,1.692800000000001
1211,1.711200000000001
1212,1.692800000000001
1213,1.692800000000001
1214,1.692800000000001
1215,1.692800000000001
1216,1.692800000000001
1217,1.692800000000001
1218,1.692800000000001
1219,1.692800000000001
1220,1.692800000000001
1221,1.692800000000001
1222,1.692800000000001
1223,1.692800000000001
1224,1.692800000000001
1225,1.692800000000001
1226,1.692800000000001
1227,1.692800000000001
1228,1.692800000000001
1229,1.692800000000001
1230,1.711200000000001
1231,1.711200000000001
1232,1.692800000000001
1233,1.692800000000001
1234,1.692800000000001
1235,1.692800000000001
1236,1.692800000000001
1237,1.692800000000001
1238,1.692800000000001
1239,1.692800000000001
1240,1.692800000000001
1241,1.692800000000001
1242,1.692800000000001
1243,1.692800000000001
1244,1.692800000000001
1245,1.6376000000000006
1246,1.692800000000001
1247,1.692800000000001
1248,1.6376000000000006
1249,1.6192000000000006
1250,1.6192000000000006
1251,1.6192000000000006
1252,1.6192000000000006
1253,1.6192000000000006
1254,1.6192000000000006
1255,1.6192000000000006
1256,1.5456000000000005
1257,1.6192000000000006
1258,1.5640000000000005
1259,1.5456000000000005
1260,1.5456000000000005
1261,1.5456000000000005
1262,1.5456000000000005
1263,1.5456000000000005
1264,1.4904000000000004
1265,1.4904000000000004
1266,1.5456000000000005
1267,1.5456000000000005
1268,1.5456000000000005
1269,1.5456000000000005
1270,1.5456000000000005
1271,1.5456000000000005
1272,1.5456000000000005
1273,1.5640000000000005
1274,1.5456000000000005
1275,1.5456000000000005
1276,1.5456000000000005
1277,1.5456000000000005
1278,1.5456000000000005
1279,1.5456000000000005
1280,1.5456000000000005
1281,1.6192000000000006
1282,1.5456000000000005
1283,1.6192000000000006
1284,1.6192000000000006
1285,1.6192000000000006
1286,1.5456000000000005
1287,1.5456000000000005
1288,1.5640000000000005
1289,1.5640000000000005
1290,1.6192000000000006
1291,1.6192000000000006
1292,1.5456000000000005
1293,1.5456000000000005
1294,1.5456000000000005
1295,1.5456000000000005
1296,1.5456000000000005
1297,1.5456000000000005
1298,1.5456000000000005
1299,1.5456000000000005
1300,1.5456000000000005
1301,1.4720000000000004
1302,1.4904000000000004
1303,1.5456000000000005
1304,1.5456000000000005
1305,1.5456000000000005
1306,1.5456000000000005
1307,1.5456000000000005
1308,1.5456000000000005
1309,1.5456000000000005
1310,1.5456000000000005
1311,1.5456000000000005
1312,1.5456000000000005
1313,1.5456000000000005
1314,1.5456000000000005
1315,1.5456000000000005
1316,1.5456000000000005
1317,1.4904000000000004
1318,1.4904000000000004
1319,1.5456000000000005
1320,1.5456000000000005
1321,1.4720000000000004
1322,1.4720000000000004
1323,1.4720000000000004
1324,1.4720000000000004
1325,1.4720000000000004
1326,1.4720000000000004
1327,1.4720000000000004
1328,1.4720000000000004
1329,1.4720000000000004
1330,1.4720000000000004
1331,1.3984000000000003
1332,1.3984000000000003
1333,1.3984000000000003
1334,1.4168000000000003
1335,1.4168000000000003
1336,1.4720000000000004
1337,1.4720000000000004
1338,1.4720000000000004
1339,1.4720000000000004
1340,1.4720000000000004
1341,1.4720000000000004
1342,1.4720000000000004
1343,1.4904000000000004
1344,1.4720000000000004
1345,1.4904000000000004
1346,1.4904000000000004
1347,1.4720000000000004
1348,1.5456000000000005
1349,1.5456000000000005
1350,1.4720000000000004
1351,1.4720000000000004
1352,1.4720000000000004
1353,1.4720000000000004
1354,1.4720000000000004
1355,1.4720000000000004
1356,1.4720000000000004
1357,1.4720000000000004
1358,1.4720000000000004
1359,1.4720000000000004
1360,1.4720000000000004
1361,1.4720000000000004
1362,1.4720000000000004
1363,1.3984000000000003
1364,1.3984000000000003
1365,1.3984000000000003
1366,1.3984000000000003
1367,1.3984000000000003
1368,1.3984000000000003
1369,1.3984000000000003
1370,1.3984000000000003
1371,1.3984000000000003
1372,1.3984000000000003
1373,1.3984000000000003
1374,1.3984000000000003
1375,1.3984000000000003
1376,1.3984000000000003
1377,1.3984000000000003
1378,1.3984000000000003
1379,1.3984000000000003
1380,1.3984000000000003
1381,1.3984000000000003
1382,1.3984000000000003
1383,1.3984000000000003
1384,1.3984000000000003
1385,1.3432000000000002
1386,1.3984000000000003
1387,1.3984000000000003
1388,1.3984000000000003
1389,1.3984000000000003
1390,1.3984000000000003
1391,1.3984000000000003
1392,1.3984000000000003
1393,1.3984000000000003
1394,1.3432000000000002
1395,1.3984000000000003
1396,1.3432000000000002
1397,1.3248000000000002
1398,1.3248000000000002
1399,1.3248000000000002
1400,1.3248000000000002
1401,1.3248000000000002
1402,1.3248000000000002
1403,1.3248000000000002
1404,1.3248000000000002
1405,1.3248000000000002
1406,1.3248000000000002
1407,1.3248000000000002
1408,1.3248000000000002
1409,1.3248000000000002
1410,1.3248000000000002
1411,1.3248000000000002
1412,1.3248000000000002
1413,1.2512
1414,1.2512
1415,1.2512
1416,1.2512
1417,1.2512
1418,1.2512
1419,1.2512
1420,1.2512
1421,1.2512
1422,1.2512
1423,1.2512
1424,1.196
1425,1.2512
1426,1.2512
1427,1.2512
1428,1.196
1429,1.196
1430,1.196
1431,1.2512
1432,1.196
1433,1.196
1434,1.196
1435,1.1776
1436,1.2512
1437,1.196
1438,1.196
1439,1.196
